{"cameraMode":{"drawMode":0,"name":"Shaded","section":"Shading Mode"},"sceneLighting":false,"audioPlay":false,"sceneViewState":{"showFog":true,"showMaterialUpdate":false,"showSkybox":false,"showFlares":true,"showImageEffects":true,"showParticleSystems":true},"in2DMode":false,"pivot":{"x":-33.49627685546875,"y":-1.2752529382705689,"z":-0.17224551737308503},"rotation":{"x":-0.05094853788614273,"y":0.7071611881256104,"z":-0.0512235127389431,"w":-0.703354001045227},"size":46.69820785522461,"orthographic":false}