{"cameraMode":{"drawMode":0,"name":"Shaded","section":"Shading Mode"},"sceneLighting":true,"audioPlay":false,"sceneViewState":{"showFog":true,"showMaterialUpdate":false,"showSkybox":true,"showFlares":true,"showImageEffects":true,"showParticleSystems":true},"in2DMode":false,"pivot":{"x":0.31610679626464846,"y":0.46913647651672366,"z":3.443484306335449},"rotation":{"x":0.022787107154726983,"y":-0.5507503151893616,"z":0.015046492218971253,"w":0.8342307209968567},"size":22.0,"orthographic":false}