{"cameraMode":{"drawMode":0,"name":"Shaded","section":"Shading Mode"},"sceneLighting":true,"audioPlay":false,"sceneViewState":{"showFog":true,"showMaterialUpdate":false,"showSkybox":true,"showFlares":true,"showImageEffects":true,"showParticleSystems":true},"in2DMode":false,"pivot":{"x":-6.724800109863281,"y":-13.356443405151368,"z":22.044010162353517},"rotation":{"x":0.23279467225074769,"y":-0.17251011729240418,"z":0.04202315956354141,"w":0.9561962485313416},"size":73.14454650878906,"orthographic":false}