{"cameraMode":{"drawMode":0,"name":"Shaded","section":"Shading Mode"},"sceneLighting":true,"audioPlay":false,"sceneViewState":{"showFog":true,"showMaterialUpdate":false,"showSkybox":true,"showFlares":true,"showImageEffects":true,"showParticleSystems":true},"in2DMode":false,"pivot":{"x":-2.3178529739379885,"y":4.184988021850586,"z":10.631758689880371},"rotation":{"x":-0.07100559771060944,"y":0.5356999635696411,"z":-0.0452718660235405,"w":-0.8402013182640076},"size":10.509510040283204,"orthographic":false}