{"cameraMode":{"drawMode":0,"name":"Shaded","section":"Shading Mode"},"sceneLighting":true,"audioPlay":false,"sceneViewState":{"showFog":true,"showMaterialUpdate":false,"showSkybox":true,"showFlares":true,"showImageEffects":true,"showParticleSystems":true},"in2DMode":false,"pivot":{"x":-12.941959381103516,"y":-7.8518195152282719,"z":-14.534900665283204},"rotation":{"x":-0.13824892044067384,"y":0.7504073977470398,"z":-0.16608069837093354,"w":-0.624654233455658},"size":22.0,"orthographic":false}